id,Nama,NIP/NRP,"Nomor Seri Karpeg","Pangkat/Golongan Ruangan/TMT","Tempat/Tanggal Lahir","Jenis Kelamin",Pendidikan,Jabatan/TMT,"Masa Kerja Golongan","Unit Kerja",Daerah,created_at,updated_at
3,"DIAS KHUSNUL KHOTIMAH S.Tr.Stat",200002122022012003,,"PENATA MUDA /III/a /01-01-2022","MAGELANG 12-02-2000",WANITA,"D-IV STATISTIKA","Statistisi Ahli Pertama / 19-01-2023","0 TAHUN 0 BULAN","BPS KABUPATEN BATANG HARI","BATANG HARI",,
4,"DWI SATRIA FIRMANSYAH S.Tr.Stat.",199803062021041001,,"PENATA MUDA /III/a /01-04-2021","JAMBI 06-03-1998",PRIA,"D-IV STATISTIKA","Statistisi Ahli Pertama / 18-04-2022","0 TAHUN 0 BULAN","BPS KABUPATEN BATANG HARI","BATANG HARI",,
5,"EKA JULITA IRMAYANTI SST",199107282014102001,"B 00043328","PENATA MUDA TINGKAT I /III/b /01-10-2018","JAMBI 28-07-1991",WANITA,"D-IV STATISTIK SOSIAL DAN KEPENDUDUKAN","Statistisi Ahli Pertama / 22-12-2020","4 TAHUN 0 BULAN","SEKSI STATISTIK PRODUKSI","BATANG HARI",,
6,"FATHINA MUFRODI SE",198408272005022001,"M 220517","PENATA TINGKAT I /III/d /01-04-2021","KUALA TUNGKAL 27-08-1984",WANITA,"S-1 EKONOMI PEMBANGUNAN","Statistisi Ahli Muda / 23-12-2020","12 TAHUN 0 BULAN","BPS KABUPATEN BATANG HARI","BATANG HARI",,
7,"Fitri Pratiwi, S.Tr.SATAT.",199706012019122001,"B 00062713","PENATA MUDA /III/a /01-12-2019","TANGGERANG  01-06-1997",WANITA,"D-IV STATISTIK SOSIAL DAN KEPENDUDUKAN","Statisi Ahli Pertama / 17-06-2021","03 TAHUN 06 BULAN","BPS KABUPATEN BATANG HARI","BATANG HARI",,
8,"HENDRA RUSMANTO SE",198510172011011009,"Q 010170","PENATA /III/c /01-04-2023","JAMBI 17-10-1985",PRIA,"S-1 ILMU EKONOMI DAN STUDI PEMBANGUNAN","Statistisi Ahli Muda / 02-01-2023","12 TAHUN 3 BULAN","BPS KABUPATEN BATANG HARI","BATANG HARI",,"2024-08-15 17:32:18"
12,"MUHAMMAD AL FATIH S.Tr.Stat.",199606272019011001,,"PENATA MUDA TINGKAT I /III/b /01-10-2023","PEKALONGAN 27-06-1996",PRIA,"D-IV STATISTIK SOSIAL DAN KEPENDUDUKAN","Statistisi Ahli Pertama / 01-07-2022","4 TAHUN 9 BULAN","BPS KABUPATEN BATANG HARI","BATANG HARI",,
14,"DIANA OLENSIA S.A.B",198504192010032001,"P 610847","PENATA MUDA TINGKAT I /III/b /01-04-2022","DHARMASRAYA 19-04-1985",WANITA,"S-1 ILMU ADMINISTRASI BISNIS","Statistisi Ahli Pertama / 06-04-2023","10 TAHUN 1 BULAN","BPS KABUPATEN BUNGO",BUNGO,,
15,"EMBAN PERMATA SIAM S.Tr.Stat.",199901152022011003,,"PENATA MUDA /III/a /01-01-2022","SLEMAN 15-01-1999",PRIA,"D-IV STATISTIKA","Statistisi Ahli Pertama / 19-01-2023","0 TAHUN 0 BULAN","BPS KABUPATEN BUNGO",BUNGO,,
16,"FATMAWATI SE",198509122011012012,"Q 364725","PENATA /III/c /01-04-2022","BUNGO 12-09-1985",WANITA,"S-1 ILMU EKONOMI DAN STUDI PEMBANGUNAN","Statistisi Ahli Muda / 01-02-2022","4 TAHUN 3 BULAN","KOORDINATOR STATISTIK KECAMATAN",BUNGO,,
17,"HARRY JEDRA MORTIN S.Tr.Stat",199610192019121001,"B 00062344","PENATA MUDA /III/b /01-02-2024","KERINCI 19-10-1996",PRIA,"D-IV KOMPUTASI STATISTIK","Statistisi Ahli Pertama / 17-06-2021","0 TAHUN 0 BULAN","SEKSI INTEGRASI PENGOLAHAN DAN DISEMINASI STATISTIK",BUNGO,,
18,"MUHAMMAD HASBY ASHSHIDDIQ S.Tr.Stat.",199705122019121002,"B 00062345","PENATA MUDA /III/b /01-02-2024","BANDUNG 12-05-1997",PRIA,"D-IV STATISTIK SOSIAL DAN KEPENDUDUKAN","Statistisi Ahli Pertama / 17-06-2021","0 TAHUN 0 BULAN","SEKSI STATISTIK SOSIAL",BUNGO,,
19,"MUAMMAR A.Md",198410072011011012,"Q 361588","PENATA MUDA /III/a /01-04-2019","BUNGO 07-10-1984",PRIA,"D-III PERTANIAN AGRIBISNIS","Statistisi Mahir / 06-04-2021","6 TAHUN 3 BULAN","BPS KABUPATEN BUNGO",BUNGO,,
20,"MUTHIA OKI YULINASARI A.Md",198510242010032002,"Q 361586","PENATA MUDA /III/a /01-04-2018","MERANGIN 24-10-1985",WANITA,"D-III PERTANIAN AGRIBISNIS","Statistisi Mahir / 22-12-2020","6 TAHUN 1 BULAN","BPS KABUPATEN BUNGO",BUNGO,,
21,"NATRINA UJUNG S.Stat,",198103072002122002,"L 026030","PEMBINA /IV/a /01-10-2021","PEMATANGSIANTAR 07-03-1981",WANITA,"S-2 MAGISTER MANAJEMEN","Statistisi Ahli Muda / 23-12-2020","16 TAHUN 10 BULAN","SEKSI STATISTIK PRODUKSI",BUNGO,,
22,"PRETTYA RECHA.DP A.Md",199612172022032016,,"PENGATUR /II/c /01-03-2022","KERINCI 17-12-1996",WANITA,"D-III STATISTIKA","Statistisi Terampil / 24-03-2023","0 TAHUN 0 BULAN","BPS KABUPATEN BUNGO",BUNGO,,
23,"NUR`AIDAH SST",199208282014122001,"B 00033637","PENATA /III/c /01-10-2021","JAKARTA 28-08-1992",WANITA,"D-IV KOMPUTASI STATISTIK","Statistisi Ahli Muda / 23-12-2020","6 TAHUN 10 BULAN","SEKSI NERACA WILAYAH DAN ANALISIS STATISTIK",BUNGO,,
24,"RANI SAFITRI SE",198008042011012006,"A 07000647","PENATA /III/c /01-04-2021","TANAH DATAR 04-08-1980",WANITA,"S-1 MANAJEMEN","Statistisi Ahli Muda / 23-12-2020","10 TAHUN 3 BULAN","SEKSI STATISTIK SOSIAL",BUNGO,,
25,"SONI AHMAD WIRAWAN SST",199003122013111002,"B 00041573","PENATA /III/c /01-04-2020","JAMBI 12-03-1990",PRIA,"D-IV STATISTIK EKONOMI","Statistisi Ahli Muda / 23-12-2020","6 TAHUN 5 BULAN","SEKSI STATISTIK DISTRIBUSI",BUNGO,,
26,"SUKMA SAPUTRA S.E",198701092012121001,"B 00041570","PENATA /III/c /01-04-2021","BUNGO 09-01-1987",PRIA,"S-1 MANAJEMEN","Statistisi Ahli Muda / 01-02-2023","8 TAHUN 4 BULAN","BPS KABUPATEN BUNGO",BUNGO,,
27,"WENNI DELPIANTI A.Md",199706102022032016,,"PENGATUR /II/c /01-03-2022","SUNGAI PENUH 10-06-1997",WANITA,"D-III STATISTIKA","Statistisi Terampil / 24-03-2023","0 TAHUN 0 BULAN","BPS KABUPATEN BUNGO",BUNGO,,
28,"WIDIANTORO SE",198009112011011003,"Q 361724","PENATA MUDA TINGKAT I /III/b /01-04-2015","BENGKULU 11-09-1980",PRIA,"S-1 MANAJEMEN","Statistisi Ahli Pertama / 22-12-2020","4 TAHUN 3 BULAN","BPS KABUPATEN BUNGO",BUNGO,,
29,"YANTI ELFINA",197206051994022001,"G 123311","PENATA MUDA /III/a/01-04-2010","PESISIR SELATAN 05-06-1972",WANITA,"SMA A.2/BIOLOGI","Statistisi Mahir / 22-12-2020","11 TAHUN 2 BULAN","BPS KABUPATEN MUARO BUNGO",BUNGO,,
30,"ADRIANDI S.E.",198208182009011009,"P 228466","PENATA MUDA TINGKAT I /III/b /01-04-2022","KERINCI 18-08-1982",PRIA,"S-1 EKONOMI PEMBANGUNAN","Statistisi Mahir / 22-12-2020","13 TAHUN 5 BULAN","BPS KABUPATEN KERINCI",KERINCI,,
31,"DIAN EKA LESTARI S.Tr.Stat.",199908212022012005,,"PENATA MUDA /III/a /01-01-2022","CILACAP 21-08-1999",WANITA,"D-IV STATISTIKA","Statistisi Ahli Pertama / 19-01-2023","0 TAHUN 0 BULAN","BPS KABUPATEN KERINCI",KERINCI,,
32,"EFDIRIZAL A.Md",197608112007011006,"N 290535","PENATA MUDA TINGKAT I /III/b /01-04-2020","KERINCI 11-08-1976",PRIA,"D-III PENYULUH PERTANIAN","Statistisi Mahir / 22-12-2020","17 TAHUN 8 BULAN","BPS KABUPATEN KERINCI",KERINCI,,
33,"GINA MERDEKAWATI A. Md",199608172022032021,,"PENGATUR /II/c /01-03-2022","SOLOK 17-08-1996",WANITA,"D-III STATISTIKA","Statistisi Terampil / 24-03-2023","0 TAHUN 0 BULAN","BPS KABUPATEN KERINCI",KERINCI,,
34,"IQBAL DINAR PAMUNGKAS S.Tr.Stat",199702282019121001,"B 00062636","PENATA MUDA /III/b /01-04-2024","SEMARANG 28-02-1997",PRIA,"D-IV STATISTIK EKONOMI","Statistisi Ahli Pertama / 01-07-2021","0 TAHUN 0 BULAN","SEKSI STATISTIK PRODUKSI",KERINCI,,
35,"MEGI CECEP PUTRA A.Md.kom",199310042022031009,,"PENGATUR /II/c /01-03-2022","KERINCI 04-10-1993",PRIA,"D-III MANAJEMEN INFORMATIKA","Statistisi Terampil / 24-03-2023","0 TAHUN 0 BULAN","BPS KABUPATEN MERANGIN",KERINCI,,
36,"MUTIARA SARI A.Md",199707272022032020,,"PENGATUR /II/c /01-03-2022","LIMA PULUH KOTA 27-07-1997",WANITA,"D-III STATISTIKA","Statistisi Terampil / 24-03-2023","0 TAHUN 0 BULAN","BPS KABUPATEN KERINCI",KERINCI,,
37,"RENDRIC SETIAWAN S.Si., S.Si. M.Si.",198903292012121003,"A 06003355","PENATA MUDA TINGKAT I /III/b /01-04-2022","SUNGAI PENUH 29-03-1989",PRIA,"S-2 ILMU PERENCANAAN WILAYAH DAN KOTA","Kepala Sub Bagian Umum / 22-12-2020","7 TAHUN 4 BULAN","BPS KOTA SUNGAI PENUH",KERINCI,,
38,"RIZKA WULANDARI S.Tr.Stat",199901062022012002,,"PENATA MUDA /III/a /01-01-2022","TANGGAL LAHIR ",WANITA,"D-IV STATISTIKA","Statistisi Ahli Pertama / 19-01-2023","0 TAHUN 0 BULAN","BPS KABUPATEN KERINCI",KERINCI,,
39,"SYAHRIL S.AP.",196806112006041004,"N 135679","PENATA MUDA TINGKAT I /III/b /01-04-2022","KERINCI 11-06-1968",PRIA,"S-1 ILMU ADMINISTRASI NEGARA","Statistisi Mahir / 22-12-2020","17 TAHUN 0 BULAN","BPS KABUPATEN KERINCI",KERINCI,,
40,"WIRDIANTO SP",197908082011011004,"Q 020022","PENATA TINGKAT I /III/d /01-10-2021","KERINCI 08-08-1979",PRIA,"S-1 AGROBISNIS","Statistisi Ahli Muda / 23-12-2020","6 TAHUN 9 BULAN","SEKSI STATISTIK DISTRIBUSI",KERINCI,,
41,"YUZELVAN A.Md.",198505202011011012,"Q 020023","PENATA MUDA /III/b/01-02-2024","KERINCI 20-05-1985",PRIA,"D-III AGROBISNIS PERTANIAN","Stastistisi Mahir / 22-12-2020","5 TAHUN 9 BULAN","BPS KABUPATEN KERINCI",KERINCI,,
42,"ARDANA YULMIROZA UTARI SST",198807282009122001,"B 00013177","PENATA /III/c /01-04-2021","SOLOK 28-07-1988",WANITA,"D-IV STATISTIK SOSIAL DAN KEPENDUDUKAN","Statistisi Ahli Muda / 02-07-2023","11 TAHUN 4 BULAN","BPS KOTA JAMBI","KOTA JAMBI",,
43,"ASRIF`AH S.Tr.Stat.",199908242022012003,,"PENATA MUDA /III/a /01-01-2022","BEKASI 24-08-1999",WANITA,"D-IV STATISTIKA","Statistisi Ahli Pertama / 19-01-2023","0 TAHUN 0 BULAN","BPS KOTA JAMBI","KOTA JAMBI",,
44,"BENNY KRISTIYAN ARDY SST, M.Si",198404112006021004,"M 220511","PEMBINA /IV/a /01-10-2019","JAMBI 11-04-1984",PRIA,"S-2 KAJIAN KEPENDUDUKAN DAN KETENAGAKERJAAN","Statistisi Ahli Muda / 01-02-2023","13 TAHUN 8 BULAN","BPS KOTA JAMBI","KOTA JAMBI",,
45,"AFRIZON SE, M.Si",197008181993011001,"G 273388","PEMBINA /IV/a /01-04-2020","PESISIR SELATAN 18-08-1970",PRIA,"S-2 ILMU EKONOMI","Statistisi Ahli Muda / 01-11-2023","22 TAHUN 3 BULAN","BPS KOTA JAMBI","KOTA JAMBI",,
46,"BUDI KURNIAWAN SST, M.Si.",197408291993011001,"G 383408","PEMBINA TINGKAT I /IV/b /01-10-2020","JAMBI 29-08-1974",PRIA,"S-2 ILMU EKONOMI","Statistisi Ahli Madya / 01-02-2023","22 TAHUN 9 BULAN","BPS KOTA JAMBI","KOTA JAMBI",,
47,DARUSSALAM,196703081989031003,"E 630811","PENATA TINGKAT I /III/d /01-04-2014","JAMBI 08-03-1967",PRIA,"SMA IPA","Statistisi Penyelia / 22-12-2020","20 TAHUN 1 BULAN","BPS KOTA JAMBI","KOTA JAMBI",,
48,"DHIRA FAJRI ATIKA S.Tr.Stat",199606092019012001,"B 00046315","PENATA MUDA TINGKAT I /III/b /01-10-2023","JAMBI 09-06-1996",WANITA,"D-IV KOMPUTASI STATISTIK","Statistisi Ahli Pertama / 01-05-2022","4 TAHUN 9 BULAN","BPS KOTA JAMBI","KOTA JAMBI",,
49,"DIAH PRAVITA SARI SST",199212072014122001,"B 00041572","PENATA /III/c /01-04-2021","BATANG HARI 07-12-1992",WANITA,"D-IV STATISTIK EKONOMI","Statistisi Ahli Muda / 01-04-2023","6 TAHUN 4 BULAN","BPS KOTA JAMBI","KOTA JAMBI",,
50,"FARADINA HANDAYANI SST",198909032012112001,"A 07000657","PENATA /III/c /01-04-2020","JAMBI 03-09-1989",WANITA,"D-IV STATISTIK EKONOMI","Statistisi Ahli Pertama / 01-01-2022","7 TAHUN 5 BULAN","SEKSI NERACA WILAYAH DAN ANALISIS STATISTIK","KOTA JAMBI",,
51,"ISNA RAHAYU SST",199001202013112002,"B 00033638","PENATA /III/c /01-04-2021","JAMBI 20-01-1990",WANITA,"D-IV KOMPUTASI STATISTIK","Statistisi Ahli Muda / 01-05-2022","7 TAHUN 5 BULAN","BPS KOTA JAMBI","KOTA JAMBI",,
52,"MAHARDIKA USMAN SST",199505292018022001,"A 14004871","PENATA MUDA TINGKAT I /III/b /01-04-2022","SORONG 29-05-1995",WANITA,"D-IV STATISTIK EKONOMI","Statistisi Ahli Pertama / 29-05-2023","4 TAHUN 2 BULAN","BPS KOTA JAMBI","KOTA JAMBI",,
53,"HENI WIDIYANTI S.Si., M.E.",198201242010032004,"N 475014","PENATA /III/d /01-02-2024","JAMBI 24-01-1982",WANITA,"S-2 MAGISTER ILMU EKONOMI","Statistisi Ahli Muda / 22-12-2020","8 TAHUN 1 BULAN","BPS KOTA JAMBI","KOTA JAMBI",,
54,"SALMAN ASSAD IBRAHIM SST",199208172016021001,"B 00022854","PENATA MUDA TINGKAT I /III/b /01-04-2020","JAMBI 17-08-1992",PRIA,"D-IV STATISTIK SOSIAL DAN KEPENDUDUKAN","Statistisi Ahli Pertama / 06-04-2023","4 TAHUN 2 BULAN","BPS KOTA JAMBI","KOTA JAMBI",,
55,"SINTA BELA SST",199311092014122001,,"PENATA MUDA TINGKAT I /III/b /01-04-2019","JAMBI 09-11-1993",WANITA,"D-IV STATISTIK EKONOMI","Statistisi Ahli Pertama / 23-12-2020","4 TAHUN 4 BULAN","SEKSI STATISTIK SOSIAL","KOTA JAMBI",,
56,"SUGILAR S.E",197709062006041003,"M 220527","PENATA MUDA /III/a /01-04-2021","BANJAR 06-09-1977",PRIA,"S-1 EKONOMI","Statistisi Ahli Pertama / 26-06-2023","10 TAHUN 0 BULAN","BPS KOTA JAMBI","KOTA JAMBI",,
57,"SUKIRMAN S.E",197506152001121002,"L 024611","PENATA /III/c /01-10-2022","JAMBI 15-06-1975",PRIA,"S-1 MANAJEMEN","Statistisi Mahir / 01-03-2023","15 TAHUN 9 BULAN","BPS KOTA JAMBI","KOTA JAMBI",,
58,"WIJAYANTI AGUSTINI S.Pt., ME",198308022005022001,"M 220519","PENATA TINGKAT I /III/d /01-04-2020","JAMBI 02-08-1983",WANITA,"S-2 ILMU EKONOMI","Statistisi Ahli Muda / 23-12-2020","11 TAHUN 0 BULAN","SEKSI STATISTIK DISTRIBUSI","KOTA JAMBI",,
59,"AISYAH BINTANG S.Tr.Stat",199802282022012001,,"PENATA MUDA /III/a /01-01-2022","BATAM 28-02-1998",WANITA,"D-IV STATISTIKA","Statistisi Ahli Pertama / 19-01-2023","0 TAHUN 0 BULAN","BPS KOTA SUNGAI PENUH","KOTA SUNGAI PENUH",,
60,"CESAR BUTAR BUTAR SST",199503062017011001,"B 00033895","PENATA MUDA TINGKAT I /III/b /01-04-2021","SUNGAI PENUH 06-03-1995",PRIA,"D-IV STATISTIK EKONOMI","Statistisi Ahli Pertama / 01-11-2023","4 TAHUN 3 BULAN","BPS KOTA SUNGAI PENUH","KOTA SUNGAI PENUH",,
61,"DESWIL PUTRA A.Md.",198112032011011006,"Q 005754","PENATA MUDA TINGKAT I /III/b /01-04-2022","KERINCI 03-12-1981",PRIA,"D-III MANAJEMEN INFORMATIKA","KSK Pesisir Bukit/Statistisi Mahir / 22-12-2020","4 TAHUN 9 BULAN","BPS KOTA SUNGAI PENUH","KOTA SUNGAI PENUH",,
62,"DEWI PUTRI ANGRAINI",198205152009012009,"P 228465","PENATA MUDA TINGKAT I /III/b /01-10-2023","KERINCI 15-05-1982",WANITA,"SKKA TEKSTIL","KSK Kumun Debai/Statistisi Mahir / 22-12-2020","14 TAHUN 11 BULAN","BPS KOTA SUNGAI PENUH","KOTA SUNGAI PENUH",,
63,"IWAN Z SST",199201012014101001,"B 00041911","PENATA /III/c /01-10-2020","KERINCI 01-01-1992",PRIA,"D-IV STATISTIK EKONOMI","Statistisi Ahli Muda / 06-04-2023","6 TAHUN 0 BULAN","SEKSI STATISTIK SOSIAL","KOTA SUNGAI PENUH",,
64,"JONI ASMANTO",197206161994031010,"G 123313","PENATA TINGKAT I /III/d /01-10-2015","KERINCI 16-06-1972",PRIA,"D-IV STATISTIK SOSIAL DAN KEPENDUDUKAN","Statistisi Ahli Muda / 01-09-2023","16 TAHUN 7 BULAN","BPS KOTA SUNGAI PENUH","KOTA SUNGAI PENUH",,
65,"MULYADI SP",196907041989031001,"E 687823","PENATA /III/d /01-04-2012","KERINCI 04-07-1969",PRIA,"S-1 PERTANIAN","Statistisi Ahli Muda / 23-12-2020","18 TAHUN 1 BULAN","SEKSI STATISTIK SOSIAL","KOTA SUNGAI PENUH",,
66,"NOPA LINDA SP, M.Si.",198011152010032001,"N 475018","PENATA TINGKAT I /III/d /01-04-2022","KERINCI 15-11-1980",WANITA,"S-2 PERENCANAAN PEMBANGUNAN","Statistisi Ahli Muda / 23-12-2020","12 TAHUN 1 BULAN","SEKSI STATISTIK PRODUKSI","KOTA SUNGAI PENUH",,
67,"NOZA MILLATUL KAFA S.Tr.Stat.",199704162019122001,"B 00062711","PENATA MUDA /III/a /01-12-2019","SEMARANG 16-04-1997",WANITA,"D-IV STATISTIK EKONOMI","Statistisi Ahli Pertama / 17-06-2021","0 TAHUN 0 BULAN","SEKSI STATISTIK PRODUKSI","KOTA SUNGAI PENUH",,
68,"YOGA ASMI PERDANA S.Tr.Stat.",199708112019121001,"B 00062710","PENATA MUDA /III/b/01-02-2024","JAMBI 11-08-1997",PRIA,"D-IV KOMPUTASI STATISTIK","Statistisi Ahli Pertama / 17-06-2021","0 TAHUN 0 BULAN","SEKSI INTEGRASI PENGOLAHAN DAN DISEMINASI STATISTIK","KOTA SUNGAI PENUH",,
69,AMRIYANI,196603041989031006,"E 662982","PENATA TINGKAT I /III/d /01-10-2014","KERINCI 04-03-1966",PRIA,"SMA IPA","Statistisi Penyelia / 22-12-2020","20 TAHUN 7 BULA","BPS KABUPATEN MERANGIN",MERANGIN,,
70,"ARISMANSYAH S.Si",198401012011011018,"Q 017114","PENATA TINGKAT I /III/d /01-10-2023","MERANGIN 01-01-1984",PRIA,"S-1 MATEMATIKA","Statistisi Ahli Muda / 01-03-2022","12 TAHUN 9 BULAN","BPS KABUPATEN MERANGIN",MERANGIN,,
71,"AZWAR ANAS",198002202006041022,"P 017996","PENATA MUDA /III/a /01-10-2016","MERANGIN 20-02-1980",PRIA,"SMA A.3/IPS","Statistisi Mahir / 22-12-2020","9 TAHUN 3 BULAN","KOORDINATOR STATISTIK KECAMATAN",MERANGIN,,
72,"DORIS ZAKWAN EFWADIRA S.Tr.Stat.",199712132021041001,,"PENATA MUDA /III/a /01-04-2021","SUNGAI PENUH 13-12-1997",PRIA,"D-IV STATISTIKA","Statistisi Ahli Pertama / 18-04-2022","0 TAHUN 0 BULAN","BPS KABUPATEN MERANGIN",MERANGIN,,
73,"HALMASIYAH SE",197910252011012005,"Q 017117","PENATA TINGKAT I /III/d /01-04-2023","MERANGIN 25-10-1979",WANITA,"S-1 MANAJEMEN","Statistisi Ahli Muda / 29-05-2023","12 TAHUN 3 BULAN","BPS KABUPATEN MERANGIN",MERANGIN,,
74,"MONICA KRISMA A.Md",199312252022032010,,"PENGATUR /II/c /01-03-2022","KERINCI 25-12-1993",WANITA,"D-III STATISTIKA","Statistisi Terampil / 24-03-2023","0 TAHUN 0 BULAN","BPS KABUPATEN MERANGIN",MERANGIN,,
75,"RETNONINGSIH SE",197804282011012005,"Q 017115","PENATA TINGKAT I /III/d /01-10-2021","KLATEN 28-04-1978",WANITA,"S-1 ILMU EKONOMI DAN STUDI PEMBANGUNAN","Statistisi Ahli Muda / 23-12-2020","10 TAHUN 9 BULAN","SEKSI STATISTIK PRODUKSI",MERANGIN,,
76,"SUDARSONO SE",198610092011011016,"Q 017119","PENATA TINGKAT I /III/d /01-04-2023","ASAHAN 09-10-1986",PRIA,"S-1 MANAJEMEN","Statistisi Ahli Muda / 01-03-2022","12 TAHUN 3 BULAN","BPS KABUPATEN MERANGIN",MERANGIN,,
77,"CRISTIANA APRILIANI PUTRI MALAU S.Stat.",199704252019032002,"B 00048393","PENATA MUDA /III/b /01-02-2024","JAMBI 25-04-1997",WANITA,"S-1 STATISTIKA","Statistisi Ahli Pertama / 17-06-2021","0 TAHUN 0 BULAN","BPS KABUPATEN MUARO JAMBI","MUARO JAMBI",,
78,"ASLAMIA ANWAR SST",199005282012112001,"A 07000650","PENATA /III/c /01-04-2021","PALEMBANG 28-05-1990",WANITA,"D-IV STATISTIK EKONOMI","Statistisi Ahli Muda / 01-11-2021","8 TAHUN 5 BULAN","SEKSI STATISTIK DISTRIBUSI","MUARO JAMBI",,
79,"DARU ATMOJO SST., M.E",198607102009021005,"P 332117","PENATA TINGKAT I /III/d /01-04-2021","JAMBI 10-07-1986",PRIA,"S-2 MAGISTER ILMU EKONOMI","Analis Pengelola Keuangan PBN Ahli Muda/ 23-12-2020","12 TAHUN 2 BULAN","SEKSI STATISTIK SOSIAL","MUARO JAMBI",,
80,"ELIZA MUSTIM A.Md",199705282022032014,,"PENGATUR /II/c /01-03-2022","PADANG PARIAMAN 28-05-1997",WANITA,"D-III STATISTIKA","Statistisi Terampil / 24-03-2023","0 TAHUN 0 BULAN","BPS KABUPATEN MUARO JAMBI","MUARO JAMBI",,
81,"LINA MARLIANA S.Si",198610252012122003,"B 00043326","PENATA /III/c /01-04-2021","BREBES 25-10-1986",WANITA,"S-1 MATEMATIKA","Statistisi Ahli Muda / 01-11-2023","8 TAHUN 4 BULAN","BPS KABUPATEN MUARO JAMBI","MUARO JAMBI",,
82,"LINDA MARLINA S.Si.",198805102011012020,"Q 227697","PENATA /III/c /01-04-2023","PALEMBANG 10-05-1988",WANITA,"S-1 MATEMATIKA","Statistisi Ahli Muda / 02-01-2023","12 TAHUN 3 BULAN","BPS KABUPATEN MUARO JAMBI","MUARO JAMBI",,
83,"MAIMUN S.H.",196805082007012005,"N 284950","PENATA /III/c /01-04-2020","JAMBI 08-05-1968",WANITA,"S-1 ILMU HUKUM","Statistisi Ahli Muda / 01-11-2023","26 TAHUN 3 BULAN","BPS KABUPATEN MUARO JAMBI","MUARO JAMBI",,
84,MELYUS,197911212005021002,"M 220515","PENATA MUDA /III/a /01-04-2021","TANAH DATAR 21-11-1979",PRIA,"SMA A.3/IPS","Statistisi Mahir / 01-02-2021","11 TAHUN 2 BULAN","BPS KABUPATEN MUARO JAMBI","MUARO JAMBI",,
85,"MONICA SEFTAVIANI SIJABAT S.Tr.Stat.",199909212022012002,,"PENATA MUDA /III/a /01-01-2022","BANDAR LAMPUNG 21-09-1999",WANITA,"D-IV STATISTIKA","Statistisi Ahli Pertama / 19-01-2023","0 TAHUN 0 BULAN","BPS KABUPATEN MUARO JAMBI","MUARO JAMBI",,
86,"PAHMI AANDEBA S.E.",198210092006041011,"P 152022","PENATA /III/c /01-04-2023","TANJUNG JABUNG BARAT 09-10-1982",PRIA,"S-1 EKONOMI PEMBANGUNAN","Statistisi Penyelia / 02-01-2023","14 TAHUN 11 BULAN","BPS KABUPATEN MUARO JAMBI","MUARO JAMBI",,
87,"RAHMAYETI A.Md",199805202022032025,,"PENGATUR /II/c /01-03-2022","PADANG PARIAMAN 20-05-1998",WANITA,"D-III STATISTIKA","Statistisi Terampil / 24-03-2023","0 TAHUN 0 BULAN","BPS KABUPATEN MUARO JAMBI","MUARO JAMBI",,
88,"RINI NOPRIYANTI SE",198711262011012016,"A 07000656","PENATA TINGKAT I /III/d /01-04-2023","JAMBI 26-11-1987",WANITA,"S-1 MANAJEMEN","Statistisi Ahli Muda / 29-05-2023","12 TAHUN 3 BULAN","BPS KABUPATEN MUARO JAMBI","MUARO JAMBI",,
89,"SARBAINI S.E.",198106122011011014,"Q 370649","PENATA TINGKAT I /III/d /01-04-2023","MUARO JAMBI 12-06-1981",PRIA,"S-1 ILMU EKONOMI DAN STUDI PEMBANGUNAN","Statistisi Ahli Muda / 26-06-2023","A GOLONGAN ","BPS KABUPATEN MUARO JAMBI","MUARO JAMBI",,
90,"VITA EISYNTA DEWI S.E., M.E.",198311082006042016,"M 221253","PENATA /III/c /01-04-2023","MOJOKERTO 08-11-1983",WANITA,"S-2 MAGISTER ILMU EKONOMI","Statistisi Ahli Muda / 02-01-2023","15 TAHUN 0 BULAN","BPS KABUPATEN MUARO JAMBI","MUARO JAMBI",,
91,"ZULFICHAR ANGGARA ADHI MAHENDRA SST",198807262010121005,"B 07000389","PENATA TINGKAT I /III/d /01-10-2021","DEMAK 26-07-1988",PRIA,"D-IV KOMPUTASI STATISTIK","Statistisi Ahli Muda / 23-12-2020","10 TAHUN 10 BULAN","SEKSI NERACA WILAYAH DAN ANALISIS STATISTIK","MUARO JAMBI",,
92,"ADI ISWANTO S.E",197702182006041016,"A 07000652","PENATA MUDA TINGKAT I /III/b /01-04-2022","LIMA PULUH KOTA 18-02-1977",PRIA,"S-1 EKONOMI PEMBANGUNAN","Statistisi Ahli Pertama / 22-12-2020","14 TAHUN 3 BULAN","BPS KABUPATEN SAROLANGUN",SAROLANGUN,,
93,"ALDI KURNIAWAN S.Tr.Stat",199711292022011001,,"PENATA MUDA /III/a /01-01-2022","JAKARTA 29-11-1997",PRIA,"D-IV STATISTIKA","Statistisi Ahli Pertama / 19-01-2023","0 TAHUN 0 BULAN","BPS KABUPATEN SAROLANGUN",SAROLANGUN,,
94,"DILLA ANGGUN SAPHIRA S.Tr.Stat.",199912242022012005,,"PENATA MUDA /III/a /01-01-2022","JAMBI 24-12-1999",WANITA,"D-IV STATISTIKA","Statistisi Ahli Pertama / 19-01-2023","0 TAHUN 0 BULAN","BPS KABUPATEN SAROLANGUN",SAROLANGUN,,
95,"EKA SEPTIANA S.Si",198909152012122002,"A 07000648","PENATA /III/c /01-04-2021","KARANGANYAR 15-09-1989",WANITA,"S-1 MATEMATIKA","Statistisi Ahli Muda / 23-12-2020","8 TAHUN 4 BULAN","SEKSI NERACA WILAYAH DAN ANALISIS STATISTIK",SAROLANGUN,,
96,"M. ALI S.E.",197810162006041002,"M 220526","PENATA MUDA TINGKAT I /III/b /01-10-2020","JAMBI 16-10-1978",PRIA,"S-1 EKONOMI PEMBANGUNAN","Statistisi Mahir / 22-12-2020","9 TAHUN 6 BULAN","BPS KABUPATEN SAROLANGUN",SAROLANGUN,,
97,"MIRA FEBRIANA SST M.E"," 198802072012112001","A 07000649","PENATA /III/c /01-04-2021","SUKABUMI 07-02-1988",WANITA,"S-2 ECONOMIC DEVELOPMENT AND POLICIES","Statistisi Ahli Muda / 02-01-2023","8 TAHUN 5 BULAN","SEKSI STATISTIK PRODUKSI",SAROLANGUN,,
98,"MOHD FARHAN S. Tr.Stat.",199810262019121001,,"PENATA MUDA /III/a /01-12-2019","JAMBI 26-10-1998",PRIA,"D-IVSTATISTIK EKONOMI","Statistisi Ahli Pertama / 01-07-2021","0 TAHUN 0 BULAN","SEKSI STATISTIK SOSIAL",SAROLANGUN,,
99,"RESTY WAHYUNI SIREGAR S.Tr.Stat",199906242022012003,,"PENATA MUDA /III/a /01-01-2022","JAMBI 24-06-1999",WANITA,"D-IV STATISTIKA","Statistisi Ahli Pertama / 01-10-2023","0 TAHUN 0 BULAN","BPS KABUPATEN SAROLANGUN",SAROLANGUN,,
100,"ANGGIA NAULI SARAGIH S.Tr.Stat",199711072019122002,,"PENATA MUDA /III/a /01-12-2019","PALEMBANG 07-11-1997",WANITA,"D-IV STATISTIK EKONOMI","Statistisi Ahli Pertama / 17-06-2021","0 TAHUN 0 BULAN","SEKSI STATISTIK DISTRIBUSI","TANJUNG JABUNG BARAT",,
101,"APNI TRISNAWATI SE",198604202011012018,"Q 017123","PENATA TINGKAT I /III/d /01-04-2023","TANJUNG JABUNG TIMUR 20-04-1986",WANITA,"S-1 MANAJEMEN","Statistisi Ahli Muda / 26-06-2023","12 TAHUN 3 BULAN","BPS KABUPATEN TANJUNG JABUNG BARAT","TANJUNG JABUNG BARAT",,
102,"ARDIANSYAH SP",198309202011011008,Q017121,"PENATA TINGKAT I /III/d /01-10-2021","BUNGO 20-09-1983",PRIA,"S-1 AGROBISNIS","Analis Pengelola Keuangan APBN Ahli Muda / 23-12-2020","10 TAHUN 9 BULAN","SEKSI STATISTIK PRODUKSI","TANJUNG JABUNG BARAT",,
103,"DEBORANI SIAGIAN A.Md",199805132022032017,,"PENGATUR /II/c /01-03-2022","TOBA 13-05-1998",WANITA,"D-III STATISTIKA","Statistisi Terampil / 24-03-2023","0 TAHUN 0 BULAN","BPS KABUPATEN TANJUNG JABUNG BARAT","TANJUNG JABUNG BARAT",,
104,"GAHARA HAERANI S.E",198010212011012009,"B 00041571","PENATA TINGKAT I /III/d /01-04-2023","PADANG LAWAS UTARA 21-10-1980",WANITA,"S-1 MANAJEMEN","Statistisi Ahli Muda / 23-12-2020","12 TAHUN 3 BULAN","SEKSI STATISTIK DISTRIBUSI","TANJUNG JABUNG BARAT",,
105,"INDRIANTO S.Tr.Stat.",199903102021041001,"B 00075631","PENATA MUDA /III/a /01-04-2021","LAMPUNG TENGAH 10-03-1999",PRIA,"D-IV STATISTIKA","Statistisi Ahli Pertama / 14-04-2022","0 TAHUN 0 BULAN","SEKSI STATISTIK SOSIAL","TANJUNG JABUNG BARAT",,
106,"NOVIA DIAN ARIYANI S.Si.",199311172019032001,"B 00048395","PENATA MUDA /III/b /01-02-2024","WONOGIRI 17-11-1993",WANITA,"S-1 STATISTIKA","Statistisi Ahli Pertama / 17-06-2021","0 TAHUN 0 BULAN","SEKSI STATISTIK PRODUKSI","TANJUNG JABUNG BARAT",,
107,"PUTRI DWI CAHYANINGRUM S.Tr.Stat.",199908062022012005,,"PENATA MUDA /III/a /01-01-2022","MAGETAN 06-08-1999",WANITA,"D-IV STATISTIKA","Statistisi Ahli Pertama / 19-01-2023","0 TAHUN 0 BULAN","BPS KABUPATEN TANJUNG JABUNG BARAT","TANJUNG JABUNG BARAT",,
108,"R HERMANTO S.E",196811251989031003,"E 641740","PENATA TINGKAT I /III/d /01-10-2015","KUALA TUNGKAL 25-11-1968",PRIA,"S-1 EKONOMI PEMBANGUNAN","Statistisi Penyelia / 22-12-2020","21 TAHUN 7 BULAN","BPS KABUPATEN TANJUNG JABUNG BARAT","TANJUNG JABUNG BARAT",,
109,"RAFI HAKIIM SYAH S.Tr.Stat.",199609202019011001,"B 00046318","PENATA MUDA /III/b /01-02-2024","JAMBI 20-09-1996",PRIA,"D-IV STATISTIK SOSIAL DAN KEPENDUDUKAN","Statistisi Ahli Pertama / 17-06-2021","0 TAHUN 0 BULAN","BPS KABUPATEN TANJUNG JABUNG BARAT","TANJUNG JABUNG BARAT",,
110,"SANUSI S.E",197706122006041001,"M 220524","PENATA MUDA TINGKAT I /III/b /01-04-2020","JAMBI 12-06-1977",PRIA,"S-1 EKONOMI PEMBANGUNAN","Statistisi Ah;I Pertama / 22-12-2020","9 TAHUN 0 BULAN","BPS KABUPATEN TANJUNG JABUNG BARAT","TANJUNG JABUNG BARAT",,
111,"SOFIA MUFRODI SST",198307182006022003,"M 220512","PENATA TINGKAT I /III/d /01-04-2016","TANJUNG JABUNG BARAT 18-07-1983",WANITA,"D-IV STATISTIK EKONOMI","Statistisi Ahli Muda / 23-12-2020","10 TAHUN 2 BULAN","SEKSI NERACA WILAYAH DAN ANALISIS STATISTIK","TANJUNG JABUNG BARAT",,
112,"TOHARUN S.E.",197609212003121007,"L 074218","PENATA MUDA TINGKAT I /III/b /01-04-2021","KEBUMEN 21-09-1976",PRIA,"S-1 EKONOMI PEMBANGUNAN","Statistisi Mahir / 22-12-2020","12 TAHUN 4 BULAN","BPS KABUPATEN TANJUNG JABUNG BARAT","TANJUNG JABUNG BARAT",,
113,"ABD. RAHMAN",198609062009011003,"Q 017128","PENATA MUDA /III/a /01-04-2021","MERANGIN 06-09-1986",PRIA,"SMK TEKNIK ELEKTRO","Statistisi Mahir / 01-02-2021","11 TAHUN 9 BULAN","KOORDINATOR STATISTIK KECAMATAN","TANJUNG JABUNG TIMUR",,
114,"ANGGUN PRATIWI SARAGIH S.Tr.Stat",199803132021042001,,"PENATA MUDA /III/a /01-04-2021","PEMATANGSIANTAR 13-03-1998",WANITA,"D-IV STATISTIKA","Statistisi Ahli Pertama / 14-04-2022","0 TAHUN 0 BULAN","BPS KABUPATEN TANJUNG JABUNG TIMUR","TANJUNG JABUNG TIMUR",,
115,"ARIYASMANTO S.P",198511232010031001,"Q 176808","PENATA MUDA TINGKAT I /III/b /01-04-2021","TANJUNG JABUNG BARAT 23-11-1985",PRIA,"S-1 AGRIBISNIS","Statistisi Ahli Muda / 01-05-2021","9 TAHUN 1 BULAN","BPS KABUPATEN TANJUNG JABUNG TIMUR","TANJUNG JABUNG TIMUR",,
116,"GRACE MARETHY SIBARANI S.Tr.Stat",199803092019122003,,"PENATA MUDA /III/b /01-02-2024","JAMBI 09-03-1998",WANITA,"D-IV STATISTIK EKONOMI","Statistisi Ahli Pertama / 01-07-2021","0 TAHUN 0 BULAN","SEKSI STATISTIK DISTRIBUSI","TANJUNG JABUNG TIMUR",,
117,"IHDAYANI BANUN AFA S.Stat.",199703142019032001,"B 00048394","PENATA MUDA /III/a /01-03-2019","KEBUMEN 14-03-1997",WANITA,"S-1 STATISTIKA","Statistisi Ahli Pertama / 17-06-2021","0 TAHUN 0 BULAN","BPS KABUPATEN TANJUNG JABUNG TIMUR","TANJUNG JABUNG TIMUR",,
118,"JOKO SUTEJO S.E",198103032003121004,"L 074125","PENATA MUDA TINGKAT I /III/b /01-10-2019","JAMBI 03-03-1981",PRIA,"S-1 EKONOMI PEMBANGUNAN","Statistisi Mahir / 22-12-2020","10 TAHUN 10 BULAN","BPS KABUPATEN TANJUNG JABUNG TIMUR","TANJUNG JABUNG TIMUR",,
119,"KIKY AMCI ILZANIA S.Tr.Stat.",199701022019012001,"B 00046316","PENATA MUDA /III/a /01-01-2019","JAMBI 02-01-1997",WANITA,"D-IV STATISTIK SOSIAL DAN KEPENDUDUKAN","Statistisi Ahli Pertama / 01-10-2022","0 TAHUN 0 BULAN","BPS KABUPATEN TANJUNG JABUNG TIMUR","TANJUNG JABUNG TIMUR",,
120,"MUFTI WIRIAWAN S.Kom",197307112002121002,"L 026040","PENATA TINGKAT I /III/d /01-04-2013","KUALA TUNGKAL 11-07-1973",PRIA,"S-1 KOMPUTER","Statistisi Ahli Muda / 23-12-2020","10 TAHUN 4 BULAN","SEKSI STATISTIK PRODUKSI","TANJUNG JABUNG TIMUR",,
121,"MUHAMMAD ZULKY AL AMRI SST, M.Si",198906192012111001,"A 07000653","PENATA /III/d /01-02-2024","JAMBI 19-06-1989",PRIA,"S-2 STATISTIKA TERAPAN","Statistisi Ahli Muda / 23-12-2020","7 TAHUN 5 BULAN","BPS KABUPATEN TANJUNG JABUNG TIMUR","TANJUNG JABUNG TIMUR",,
122,"RIDEA ANGGRAINI S.Tr.Stat.",199603102019012001,"B 00046317","PENATA MUDA TINGKAT I /III/b /01-10-2023","TANJUNG JABUNG TIMUR 10-03-1996",WANITA,"D-IV STATISTIK EKONOMI","Statistisi Ahli Pertama / 01-03-2023","4 TAHUN 9 BULAN","BPS KABUPATEN TANJUNG JABUNG TIMUR","TANJUNG JABUNG TIMUR",,
123,"SHEILA RAMADIANTI A.Md",199602072022032020,,"PENGATUR /II/c /01-03-2022","SUNGAI PENUH 07-02-1996",WANITA,"D-III STATISTIKA","Statistisi Terampil / 24-03-2023","0 TAHUN 0 BULAN","BPS KABUPATEN TEBO","TANJUNG JABUNG TIMUR",,
124,SUKAMTO,197611102007101002,"Q 35171","PENATA MUDA TINGKAT I /III/b /01-10-2023","BANTUL 10-11-1976",PRIA,"SMU IPA","Statistisi Mahir / 01-02-2021","15 TAHUN 5 BULAN","BPS KABUPATEN TANJUNG JABUNG TIMUR","TANJUNG JABUNG TIMUR",,
125,"SYAMSUDIN SE",196908032002121005,"L 026033","PENATA /III/c /01-04-2020","KUALA TUNGKAL 03-08-1969",PRIA,"S-1 EKONOMI PEMBANGUNAN","Statistisi Penyelia / 26-06-2023","12 TAHUN 4 BULAN","BPS KABUPATEN TANJUNG JABUNG TIMUR","TANJUNG JABUNG TIMUR",,
126,"VITA PERMATA DEWI S.Tr.Stat.",199907282022012003,,"PENATA MUDA /III/a /01-01-2022","BANJARNEGARA 28-07-1999",WANITA,"D-IV STATISTIKA","Statistisi Ahli Pertama / 19-01-2023","0 TAHUN 0 BULAN","BPS KABUPATEN TANJUNG JABUNG TIMUR","TANJUNG JABUNG TIMUR",,
127,"ARIFIN HIDAYAT A.Md",199309162022031006,,"PENGATUR /II/c /01-03-2022","BATUBARA 16-09-1993",PRIA,"D-III STATISTIKA","Statistisi Terampil / 24-03-2023","0 TAHUN 0 BULAN","BPS KABUPATEN TEBO",TEBO,,
128,"ALGUPA KHARISMA TAZAR S.Tr.Stat.",199804122021041001,,"PENATA MUDA /III/a /01-04-2021","PASAMAN 12-04-1998",PRIA,"D-IV STATISTIKA","Statistisi Ahli Pertama / 14-04-2022","0 TAHUN 0 BULAN","BPS KABUPATEN TEBO",TEBO,,
129,"KURNIAWAN SAPUTRA",198006202005021001,"M 220518","PENGATUR TINGKAT I /III/a /01-02-2024","JAMBI 20-06-1980",PRIA,"SMA A.1/FISIKA","Statistisi Terampil / 01-12-2013","14 TAHUN 2 BULAN","BPS KABUPATEN TEBO",TEBO,,
130,"FATMAWATI S.E",197808102007012001,"N 245366","PENATA /III/c /01-04-2022","TEBO 10-08-1978",WANITA,"S-1 EKONOMI PEMBANGUNAN","Statistisi Ahli Muda / 01-02-2022","15 TAHUN 3 BULAN","SEKSI STATISTIK DISTRIBUSI",TEBO,,
131,"PRIHANTORO S.E.",196802092007011001,"N 245364","PENATA MUDA TINGKAT I /III/b /01-04-2020","PURBALINGGA 09-02-1968",PRIA,"S-1 EKONOMI PEMBANGUNAN","Statistisi Mahir / 22-12-2020","15 TAHUN 0 BULAN","KOORDINATOR STATISTIK KECAMATAN",TEBO,,
132,"YULFARINA RAFIOL S.Tr.Stat.",199611052021042001,,"PENATA MUDA /III/a /01-04-2021","TANAH DATAR 05-11-1996",WANITA,"D-IV STATISTIKA","Statistisi Ahli Pertama / 14-04-2022","0 TAHUN 0 BULAN","BPS KABUPATEN TEBO",TEBO,,
133,"RENSY HASIBUAN S.Tr.Stat.",199710262019122001,"B 00062342","PENATA MUDA /III/a /01-12-2019","JAMBI 26-10-1997",WANITA,"D-IV STATISTIK EKONOMI","Statistisi Ahli Pertama / 17-06-2021","0 TAHUN 0 BULAN","SEKSI STATISTIK PRODUKSI",TEBO,,
134,"HENDRI SETIAWAN S.E",198103132006041002,"M 221247","PENATA /III/c /01-04-2022","LAMPUNG SELATAN 13-03-1981",PRIA,"S-1 EKONOMI PEMBANGUNAN","Statistisi Ahli Muda / 23-12-2020","11 TAHUN 0 BULAN","SEKSI STATISTIK DISTRIBUSI",TEBO,,
135,"AHMAD ARONI SE",198602102011011016,"Q 361722","PENATA /III/c /01-04-2021","TEBO 10-02-1986",PRIA,"S-1 EKONOMI DAN STUDI PEMBANGUNAN","Statistisi Ahli Muda / 01-06-2023","10 TAHUN 3 BULAN","SUBBAGIAN UMUM",TEBO,,
136,"APRIADI RICHAD SINAGA S.Tr.Stat",199704072019121001,"B 00062343","PENATA MUDA /III/b /01-02-2024","BATANG HARI 07-04-1997",PRIA,"D-IV KOMPUTASI STATISTIK","Statistisi Ahli Pertama / 17-06-2021","0 TAHUN 0 BULAN","SEKSI INTEGRASI PENGOLAHAN DAN DISEMINASI STATISTIK",TEBO,,
137,"NARA RIA HAQ M.M., SST",199206092014122001,"B 00033636","PENATA /III/c /01-04-2021","SURAKARTA 09-06-1992",WANITA,"S-2 MANAJEMEN","Statistisi Ahli Muda / 01-12-2023","6 TAHUN 4 BULAN","BPS KABUPATEN TEBO",TEBO,,
138,"EGI RENALDI S.Tr.Stat.",199607132019011001,"B 00046319","PENATA MUDA /III/b /01-02-2024","JAMBI 13-07-1996",PRIA,"D-IV STATISTIK EKONOMI","Statistisi Ahli Pertama / 01-07-2021","0 TAHUN 0 BULAN","BPS KABUPATEN TEBO",TEBO,,
139,"RAPITA HANDAYANI SST",198803112010122003,"B 00044340","PENATA /III/c /01-10-2017","JAMBI 11-03-1988",WANITA,"S-2 ILMU EKONOMI","Statistisi Ahli Muda / 01-12-2021","6 TAHUN 10 BULAN","SEKSI NERACA WILAYAH DAN ANALISIS STATISTIK",TEBO,,
140,"AHMAD SAFEI SE",196611251988021001,"E 424431","PENATA TINGKAT 1 /III/d /01-10-2017","JAMBI 25-11-1966",PRIA,"S-1 MANAJEMEN","Statistisi Ahli Muda /23-12-2020","24 TAHUN 8 BULAN","SEKSI STATISTIK PERTAMBANGAN, ENERGI, DAN KONSTRUKSI","PROVINSI JAMBI",,
141,"ANDI SETIAWAN SST. M. Si",198310312007011004,"N 244225","PENATA TINGKAT 1 /III/d /01-10-2017","KUNINGAN 31-10-1983",PRIA,"S-2 STATISTIKA TERAPAN","Statistisi Ahli Madya / 01-11-2023","10 TAHUN 3 BULAN","BPS PROVINSI JAMBI","PROVINSI JAMBI",,
142,"ANI DWI NUGRAENI SST",197502231999032003,"I 002766","PENATA TINGKAT I /III/d /01-04-2012","PEKALONGAN 23-02-1975",WANITA,"S-1 STATISTIK UMUM","Statistisi Ahli Muda / 23-12-2020","9 TAHUN 6 BULAN","SEKSI STATISTIK KETAHANAN SOSIAL","PROVINSI JAMBI",,
143,"ANNISA AYU WULANDARI S.Si.",199408052019032002,"B 00048388","PENATA MUDA /III/a /01-03-2019","BOYOLALI 05-0801994",WANITA,"S-1 STATISTIKA ","Statistisi Ahli Pertama / 17-06-2021","0 TAHUN 0 BULAN","BPS PROVINSI JAMBI","PROVINSI JAMBI",,
144,"ARI HIDAYAT SST",199303122016021002,"B 00021995","PENATA MUDA TINGKAT I /III/b /01-04-2020","JAMBI 12-03-1993",PRIA,"D-IV STATISTIK SOSIAL DAN KEPENDUDUKAN","Statistisi Ahli Pertama / 01-11-2023","4 TAHUN 2 BULAN","BPS PROVINSI JAMBI","PROVINSI JAMBI",,
145,"BETTY WORO PRATIWI",199403252019032001,"B 00048391","PENATA MUDA /III/a /02-03-2020","JEMBER 25-03-1994",WANITA,"S-1 STATISTIK","Statistisi Ahli Pertama / 17-06-2021","3 TAHUN 0 BULAN","BPS PROVINSI JAMBI","PROVINSI JAMBI",,
146,"DESTIA NINGSIH WULANDARI SST",199412122016022001,"B 00046800","PENATA MUDA TINGKAT I /III/b /01-04-2020","JAMBI 12-12-1994",WANITA,"D-IV STATISTIK EKONOMI","Statistisi Ahli Pertama / 01-02-2023","4 TAHUN 2 BULAN","BPS PROVINSI JAMBI","PROVINSI JAMBI",,
147,"DWI JAYANTI SST",198501022008012004,"N 615694","PENATA TINGKAT I /III/d /01-04-2018","BINJAI 02-01-1985",WANITA,"D-IV STATISTIK EKONOMI","Statistisi Ahli Muda / 23-12-2020","10 TAHUN 3 BULAN","SEKSI STATISTIK HARGA KONSUMEN DAN HARGA PERDAGANGAN BESAR","PROVINSI JAMBI",,
148,"EKA AULIA LIUSTA S.Tr.Stat.",199809152021042001,"B 00075630","PENATA MUDA /III/a /01-04-2021","JAMBI 15-09-1998",WANITA,"D-IV STATISTIKA","Statistisi Ahli Pertama / 18-04-2022","0 TAHUN 0 BULAN","BPS KABUPATEN SAROLANGUN","PROVINSI JAMBI",,
149,"ERBIYATI CAHYANINGTYAS SST",197603181997122001,"H 075249","PENATA TINGKAT I /III/d /01-10-2013","SURAKARTA 18-03-1976",WANITA,"D-IV STATISTIK SOSIAL DAN KEPENDUDUKAN","Statistisi Ahli Muda / 01-04-2023","13 TAHUN 10 BULAN","BPS PROVINSI JAMBI","PROVINSI JAMBI",,
150,"ENY TRISTANTI SST, ME",197702061999122001,"J 038188","PEMBINA /IV/a /01-10-2019","KLATEN 06-02-1977",WANITA,"S-2 MAGISTER ILMU EKONOMI","Statistisi Ahli Muda / 23-12-2020","17 TAHUN 10 BULAN","SEKSI STATISTIK PERTANIAN","PROVINSI JAMBI",,
151,"EVA RIANI SST, ME",197909012000122001,"L 116701","PEMBINA TINGKAT I /IV/b /01-04-2023","JAKARTA TIMUR 01-09-1979",WANITA,"S-2 EKONOMIKA PEMBANGUNAN","Statistisi Ahli Madya / 01-07-2022","21 TAHUN 6 BULAN","BPS PROVINSI JAMBI","PROVINSI JAMBI",,
152,"EVIYANA ATMANEGARA SST, M.Stat.",198602222008012003,"N 296283","PENATA TINGKAT I /III/d /01-04-2018","PALEMBANG 22-02-1986",WANITA,"S-2 STATISTIKA","Statistisi Ahli Muda / 22-12-2020","10 TAHUN 3 BULAN","BPS PROVINSI JAMBI","PROVINSI JAMBI",,
153,"FITRIA IPADA SST",198407032007012004,"N 549118","PENATA TINGKAT I /III/d /01-10-2017","JAMBI 03-07-1984",WANITA,"D-IV KOMPUTASI STATISTIK","Statistisi Ahli Muda / 23-12-2020","10 TAHUN 9 BULAN","SEKSI STATISTIK NIAGA DAN JASA","PROVINSI JAMBI",,
154,"HERY SASRIA M.SE., S.Si",198512192009021001,"P 152023","PENATA MUDA TINGKAT I /III/b /01-10-2020","JAKARTA 10-12-1985",PRIA,"S-2 ILMU EKONOMI","Statistisi Ahli Pertama / 09-10-2023","9 TAHUN 8 BULAN","BPS PROVINSI JAMBI","PROVINSI JAMBI",,
155,"ISDHANI NURRAHMAH S.Tr.Stat.",199807202022012001,,"PENATA MUDA /III/a /01-01-2022","GUNUNG KIDUL 20-07-1998",WANITA,"D-IV STATISTIKA","Statistisi Ahli Pertama / 19-01-2023","0 TAHUN 0 BULAN","BPS KABUPATEN BUNGO","PROVINSI JAMBI",,
156,"JULIANA MARINTAN SIAHAAN SST",198507222009012005,"N 382487","PENATA /III/d /01-02-2024","TANGGERANG 22-07-1985",WANITA,"D-IV STATISTIK EKONOMI","Statistisi Ahli Muda 22-12-2020","8 TAHUN 3 BULAN","BPS PROVINSI JAMBI","PROVINSI JAMBI",,
157,"LINDA ANNISA SST",199507292017012002,"B 00031236","PENATA MUDA TINGKAT I /III/b /01-04-2021","SAMARINDA 29-07-1995",WANITA,"D-IV STATISTIK SOSIAL DAN KEPENDUDUKAN","Statistisi Ahli Pertama / 12-06-2023","4 TAHUN 3 BULAN","BPS PROVINSI JAMBI","PROVINSI JAMBI",,
158,"LISA GUSMANITA SST",198608312009022006,"P 152014","PENATA TINGKAT I /III/d /01-04-2019","JAMBI 31-08-1986",WANITA,"S-2 MAGISTER EKONOMI TERAPAN","Statistisi Ahli Muda / 04-01-2021","10 TAHUN 2 BULAN","BPS PROVINSI JAMBI","PROVINSI JAMBI",,
159,"MARINI SYAFITRI SST",199503162017012001,"B 00032962","PENATA MUDA TINGKAT I /III/b /01-04-2021","JAMBI 16-03-1995",WANITA,"D-IV STATISTIK EKONOMI","Statistisi Ahli Pertama / 01-11-2023","4 TAHUN 3 BULAN","BPS PROVINSI JAMBI","PROVINSI JAMBI",,
160,"MICROVELIO PRIMA GUNA S.Si.",199209142019031001,"B 00048397","PENATA MUDA /III/b /01-02-2024","SITUBONDO 14-09-1992",PRIA,"S-1 STATISTIKA","Statistisi Ahli Pertama / 01-07-2021","0 TAHUN 0 BULAN","BPS KABUPATEN BUNGO","PROVINSI JAMBI",,
161,"MIFTAHL JANNAH S.Tr.Stat.",199804252019122002,"B 00062714","PENATA MUDA/III/b /01-02-2024","JAMBI 25-04-1998",WANITA,"D-IV STATISTIK EKONOMI","Statistisi Ahli Pertama / 01-09-2023","0 TAHUN 0 BULAN","BPS PROVINSI JAMBI","PROVINSI JAMBI",,
162,"MUHISAM SST",197303221993011002,"G 301015","PENATA TINGKAT I /III/d /01-04-2012","PURWOREJO 22-03-1973",PRIA,"D-IV STATISTIK SOSIAL DAN KEPENDUDUKAN","Statistisi Penyelia / 26-06-2023","14 TAHUN 3 BULAN","BPS PROVINSI JAMBI","PROVINSI JAMBI",,
163,"NI KADEK SUARDANI SE, M.E",198301142006022001,"N 006460","PENATA TINGKAT I /III/d /01-04-2018","PALEMBANG 14-01-1983",WANITA,"S-2 ILMU EKONOMI","Statistisi Ahli Muda / 24-12-2020","12 TAHUN 2 BULAN","BPS PROVINSI JAMBI","PROVINSI JAMBI",,
164,"NICKY RIZKIANSYAH SST",198811062010121001,"Q 005755","PENATA TINGKAT I /III/d /01-10-2021","JAMBI 06-11-1988",PRIA,"D-IV KOMPUTASI STATISTIK","Statistisi Ahli Muda / 23-12-2020","10 TAHUN 10 BULAN","SEKSI ANALISIS STATISTIK LINTAS SEKTOR","PROVINSI JAMBI",,
165,"NOPRIANSYAH SST, M.Si",198011172003121001,"L 074119","PEMBINA TINGKAT I /IV/b /01-04-2023","PALEMBANG 17-11-1980",PRIA,"S-2 ILMU EKONOMI","Statistisi Ahli Madya / 01-03-2022","19 TAHUN 4 BULAN","BPS PROVINSI JAMBI","PROVINSI JAMBI",,
166,"NOR INDAH FITRIYA NINGRUM S ST, SST, M.Stat.",197911252002122004,L026034,"PEMBINA /IV/a /01-10-2016","SURAKARTA 25-11-1979",WANITA,"S-2 STATISTIKA TERAPAN","Statistisi Ahli Muda / 23-12-2020","13 TAHUN 10 BULAN","SEKSI NERACA KONSUMSI","PROVINSI JAMBI",,
167,"NOVA MOESTAFA SST., M.Si.",198104302003121003,"L 074124","PEMBINA /IV/a /01-04-2020","PEMALANG 30-04-1981",PRIA,"S-2 ILMU EKONOMI","Statistisi Ahli Madya / 01-07-2021","16 TAHUN 4 BULAN","BPS PROVINSI JAMBI","PROVINSI JAMBI",,
168,"OELIESTINA SST",198102042003122003,"L 074122","PEMBINA /IV/b /01-02-2024","BREBES 04-02-1981",WANITA,"D-IV STATISTIKA EKONOMI","Statistisi Ahli Madya /22-12-2020","16 TAHUN 10 BULAN","SEKSI NERACA KONSUMSUMSI","PROVINSI JAMBI",,
169,"POPPI MARINI S.Si, M.Si.",197703232002122007,"L 053139","PEMBINA /IV/a /01-04-2017","BANDA ACEH 23-03-1977",WANITA,"S-2 ILMU EKONOMI","Statistisi Ahli Muda / 01-04-2023","14 TAHUN 4 BULAN","SEKSI STATISTIK INDUSTRI","PROVINSI JAMBI",,
170,"RIEKO NOPRIADY S.Tr.Stat.",199811292021041001,"B 00075632","PENATA MUDA /III/a /01-04-2021","JAMBI 29-11-1998",PRIA,"D-IV STATISTIKA","Statistisi Ahli Pertama / 01-11-2023","0 TAHUN 0 BULAN","BPS PROVINSI JAMBI","PROVINSI JAMBI",,
171,"RIRIH JATISMARA M.A.P., S.Si.",198511212019032001,"B 00048389","PENATA MUDA TINGKAT I /III/b /01-10-2023","KEBUMEN 21-11-1985",WANITA,"S-2 MAGISTER ADMINISTRASI PUBLIK","Statistisi Ahli Pertama / 17-06-2021","13 TAHUN 6 BULAN","SEKSI STATISTIK KESEJAHTERAAN RAKYAT","PROVINSI JAMBI",,
172,"RISMA HAPSARI S.ST., M.Si.",198505062008012011,"N 291931","PENATA TINGKAT I /III/d /01-10-2019","MAGELANG 06-05-1985",WANITA,"S-2 STATISTIKA","Statistisi Ahli Muda / 22-12-2020","11 TAHUN 9 BULAN","BPS PROVINSI JAMBI","PROVINSI JAMBI",,
173,"RITA RIF`ATI SST, M.Si",197806252000122001,"K 020889 / B 00033639","PEMBINA /IV/a /01-04-2016","GROBOGAN 25-06-1978",WANITA,"S-2 KAJIAN KEPENDUDUKAN DAN KETENAGAAN KERJA","Statistisi Ahli Muda / 23-12-2020","13 TAHUN 6 BULAN","SEKSI STATISTIK KEPENDUDUKAN","PROVINSI JAMBI",,
174,"RIZKI ANANDA SST",199307302014102001,"B 00043325","PENATA /III/c /01-10-2022","JAMBI 30-07-1993",WANITA,"D-IV KOMPUTASI STATISTIK","TB S2/ 12-06-2019","8 TAHUN 9 BULAN","BPS PROVINSI JAMBI","PROVINSI JAMBI",,
175,"RYAN PASCA AULIA S.Stat.",199309162019031002,"B 00048390","PENATA MUDA /III/B /01-02-2024","PADANG 16-09-1993",PRIA,"S-1 STATISTIKA","Statistisi Ahli Pertama / 17-06-2021","0 TAHUN 0 BULAN","BPS PROVINSI JAMBI","PROVINSI JAMBI",,
176,"SEPTIE WULANDARY S.S.T., M.Stat.",198509252009022008,"P 098077","PENATA TINGKAT I /III/d /01-04-2021","BENGKULU 25-09-1985",WANITA,"S-2 STATISTIKA TERAPAN","Statistisi Ahli Muda / 22-12-2020","12 TAHUN 2 BULAN","BPS PROVINSI JAMBI","PROVINSI JAMBI",,
177,"SISILIA NURTETA SST. M.Si",197905242000122001,"J 123353","PEMBINA /IV/B /01-02-2024","JAKARTA PUSAT 24-0501979",WANITA,"S-2 KAJIAN KEPENDUDUKAN DAN TENAGA KERJA","Statistisi Ahli Madya / 22-12-2020","14 TAHUN 6 BULAN","BPS PROVINSI JAMBI","PROVINSI JAMBI",,
178,"SUMARMI SST, M.Si.",197802112000122001,"J 123350","PEMBINA /IV/a /01-04-2016","PURWOREJO 11-02-1978",WANITA,"S-2 STATISTIKA","Statistisi Ahli Madya / 01-03-2023","13 TAHUN 6 BULAN","BPS PROVINSI JAMBI","PROVINSI JAMBI",,
179,"SUSIAWATI KRISTIARINI SST",197612031999012001,"I 002767","PEMBINA TINGKAT I /IV/b /01-04-2023","KEBUMEN 03-12-1976",WANITA,"D-IV STATISTIK EKONOMI","Statistisi Ahli Madya / 22-12-2020","22 TAHUN 3 BULAN","BPS PROVINSI JAMBI","PROVINSI JAMBI",,
180,"SUTRISNO S.M.",197605071998031001,"H 032370","PENATA /III/c /01-04-2023","SAROLANGUN 07-05-1976",PRIA,"MADRASAH ALIYAH ILMU-ILMU BIOLOGI","Statistisi Penyelia / 01-09-2023","20 TAHUN 1 BULAN","BPS PROVINSI JAMBI","PROVINSI JAMBI",,
181,"SYEHFUL MUSLIH S.Si.",198507042009021005,"N 475063","PENATA /III/d /01-02-2024","CIAMIS 04-07-1985",PRIA,"S-1 STATISTIKA","Statistisi Ahli Muda / 22-12-2020","8 TAHUN 2 BULAN","BPS PROVINSI JAMBI","PROVINSI JAMBI",,
182,"THERESA PUTRI 19",198806152009122002,"P 407111","PENATA /III/d /01-02-2024","JAMBI 15-06-1988",WANITA,"D-IV STATISTIK SOSIAL DAN KEPENDUDUKAN","Statistisi Ahli Muda / 01-06-2021","10 TAHUN 4 BULAN","BPS PROVINSI JAMBI","PROVINSI JAMBI",,
183,"VINA RIYANTI SST",198806302010122005,,"PENATA /III/c /01-04-2021","BOGOR 30-06-1988",WANITA,"D-IV STATISTIK EKONOMI","Statistisi Ahli Muda / 01-06-2021","10 TAHUN 4 BULAN","BPS PROVINSI JAMBI","PROVINSI JAMBI",,
184,"VITALIA SUSANTI SST, M.Si.",198102222003122002,"L 074126","PEMBINA /IV/a /01-04-2020","BANTUL 22-02-1981",WANITA,"S-2 KAJIAN KEPENDUDUKAN DAN KETENAGAAN KERJA","Statistisi Ahli Muda / 01-01-2022","16 TAHUN 4 BULAN","BPS PROVINSI JAMBI","PROVINSI JAMBI",,
